sample_id,TP,TN,FP,FN,Accuracy,Precision,Recall,Specificity,FPR,FNR,F1,IoU,Dice,MCC
1092842_DF_251_251BDF0052_00665,701,186350,6285,2503,0.955126404852966,0.10034354423131978,0.21878901373283396,0.967373530251512,0.032626469748488075,0.781210986267166,0.13758586849852797,0.07387501317314786,0.13758586849852797,0.1273297606573958
1092843_DF_251_251BDF0052_00667,833,183820,7842,3344,0.9428816527862173,0.09602305475504323,0.19942542494613358,0.9590842211810374,0.04091577881896255,0.8005745750538664,0.12962962962962962,0.06930693069306931,0.12962962962962962,0.11130381264080148
1092844_DF_251_251BDF0052_00669,706,185152,7751,2230,0.9490346662309346,0.08348113988411966,0.24046321525885558,0.9598191837348304,0.04018081626516954,0.7595367847411444,0.12393575002194329,0.066061570131936,0.12393575002194329,0.11973419562817046
1092845_DF_251_251BDF0052_00671,1201,184118,8257,2263,0.9462824054452892,0.12698244872065975,0.34670900692840645,0.9570786224821313,0.042921377517868745,0.6532909930715936,0.18588453799721405,0.10246565992662741,0.18588453799721405,0.1867810744717252
1092846_DF_251_251BDF0052_00673,451,187525,6053,1810,0.9598496724350104,0.0693419434194342,0.19946926138876603,0.9687309508311895,0.03126904916881051,0.8005307386112339,0.1029092983456931,0.05424585037286505,0.1029092983456931,0.1002764848545501
1092847_DF_251_251BDF0052_00674,919,183316,9335,2269,0.9407472464626555,0.08962356153696119,0.2882685069008783,0.9515445027536841,0.04845549724631588,0.7117314930991218,0.1367356048207112,0.07338497165216003,0.1367356048207112,0.13623836955810234
1092848_DF_251_251BDF0052_00676,910,184563,7924,2442,0.9470687656697594,0.10301109350237718,0.2714797136038186,0.9588335835666825,0.041166416433317574,0.7285202863961814,0.149351715082882,0.08070237672933664,0.149351715082882,0.1439350002638707
1092849_DF_251_251BDF0052_00678,996,180834,11792,2217,0.92846675074934,0.07788551767281826,0.3099906629318394,0.9387829265000571,0.061217073499942896,0.6900093370681606,0.12449221923629773,0.066377874041986,0.12449221923629773,0.1279174289147492
1092850_DF_251_251BDF0052_00679,2222,173559,16338,3720,0.8975791338803814,0.1197198275862069,0.3739481656008078,0.9139638856853979,0.08603611431460213,0.6260518343991922,0.1813729491470084,0.09973070017953321,0.1813729491470084,0.1686038886136456
1092851_DF_251_251BDF0052_00681,3140,172505,16061,4133,0.8968846858899402,0.16353314931513985,0.4317338099821257,0.9148255783121029,0.08517442168789707,0.5682661900178744,0.23721387021228374,0.13456758378332048,0.23721387021228374,0.22037491778480273
1092852_DF_251_251BDF0052_00683,594,187108,6292,1845,0.9584505639836804,0.08626198083067092,0.24354243542435425,0.9674663908996898,0.03253360910031024,0.7564575645756457,0.1273994638069705,0.06803344404993701,0.1273994638069705,0.12704990712396094
1092853_DF_251_251BDF0052_00685,740,186225,6542,2332,0.9546872686237164,0.10162043394671794,0.24088541666666666,0.9660626559525229,0.033937344047477,0.7591145833333334,0.14293992659841606,0.07697108383607239,0.14293992659841606,0.1359069507995197
1092854_DF_251_251BDF0052_00687,182,191142,3175,1340,0.9769453479643994,0.05421507298182902,0.11957950065703023,0.9836607193400474,0.016339280659952552,0.8804204993429697,0.0746054519368723,0.038748137108792845,0.0746054519368723,0.06984589939624491
1092855_DF_251_251BDF0052_00689,283,190114,3659,1783,0.9722118679119073,0.07179096905124302,0.13697967086156826,0.9811170802949843,0.018882919705015662,0.8630203291384317,0.09420772303595207,0.04943231441048035,0.09420772303595207,0.08591269404735769
1092856_DF_251_251BDF0052_00690,23,194461,763,592,0.9930810512717079,0.029262086513994912,0.03739837398373984,0.9960916690570831,0.003908330942916855,0.9626016260162602,0.03283369022127052,0.016690856313497822,0.03283369022127052,0.02963686602076837
1092857_DF_251_251BDF0052_00692,898,184260,8252,2429,0.9454603015742523,0.09814207650273224,0.26991283438533215,0.9571351396276596,0.04286486037234043,0.7300871656146679,0.14394485853971306,0.07755419293548665,0.14394485853971306,0.13902823925911426
1092858_DF_251_251BDF0052_00694,1056,183182,9180,2421,0.940762565168327,0.10316529894490035,0.30371009490940465,0.9522774768405402,0.04772252315945977,0.6962899050905953,0.15401443885364252,0.08343209291301257,0.15401443885364252,0.15188791956474676
1092859_DF_251_251BDF0052_00695,280,190811,3104,1644,0.9757555951572465,0.08274231678486997,0.14553014553014554,0.9839929866178481,0.016007013382151974,0.8544698544698545,0.10550113036925396,0.05568814638027048,0.10550113036925396,0.09803379109594981
1092860_DF_251_251BDF0052_00697,456,188813,4933,1637,0.966452034579425,0.08461681202449434,0.21786908743430483,0.9745388291887317,0.025461170811268363,0.7821309125656952,0.1218925421010425,0.06490179333902647,0.1218925421010425,0.12094261190321598
1092861_DF_251_251BDF0052_00699,1017,181878,10856,2088,0.9339048912627209,0.08565653162637918,0.32753623188405795,0.9436736642211545,0.05632633577884546,0.672463768115942,0.13579917211910802,0.07284578468591076,0.13579917211910802,0.14196016169722503
1092862_DF_251_251BDF0052_00701,469,188360,4823,2187,0.9642052910809389,0.08862433862433862,0.17658132530120482,0.975034035085903,0.024965964914096996,0.8234186746987951,0.11801711122294917,0.06270891830458618,0.11801711122294917,0.10815104382750554
1092865_DF_251_251BDF0052_00706,1,195394,184,260,0.9977328315606186,0.005405405405405406,0.0038314176245210726,0.9990591988874005,0.0009408011125995766,0.9961685823754789,0.004484304932735426,0.0022471910112359553,0.004484304932735426,0.0034327367807098553
1092866_DF_251_251BDF0052_00708,309,189440,4304,1786,0.9689030274868642,0.0669846087145025,0.14749403341288783,0.9777851185068956,0.022214881493104303,0.8525059665871122,0.09212880143112702,0.048288795124238164,0.09212880143112702,0.08498059189983027
1092867_DF_251_251BDF0052_00710,492,186000,7745,1602,0.952272019362844,0.05973048439966007,0.2349570200573066,0.9600247748328989,0.039975225167101086,0.7650429799426934,0.09524731390959248,0.05000508181725785,0.09524731390959248,0.09990664828994149
1092868_DF_251_251BDF0052_00711,974,182282,9815,2768,0.9357482421785241,0.09027713411808323,0.2602886157135222,0.9489060214370865,0.051093978562913527,0.7397113842864779,0.13405822035647924,0.07184480342258612,0.13405822035647924,0.1255242364995879
1092869_DF_251_251BDF0052_00713,359,189928,3839,1713,0.9716501820372857,0.08551691281562648,0.17326254826254825,0.9801875448347758,0.019812455165224212,0.8267374517374517,0.11451355661881978,0.060734224327524955,0.11451355661881978,0.1084018036126729
1092870_DF_251_251BDF0052_00715,647,186074,6662,2456,0.9534413472291015,0.08852100150499384,0.20850789558491784,0.9654345840943052,0.034565415905694834,0.7914921044150822,0.12427967729542835,0.06625704045058883,0.12427967729542835,0.1145931745620156
1092871_DF_251_251BDF0052_00716,472,186554,7070,1743,0.9549987489723701,0.06258286926544683,0.21309255079006773,0.9634859314960955,0.03651406850390448,0.7869074492099323,0.09675105052782618,0.05083467959073775,0.09675105052782618,0.09703742744314343
1092872_DF_251_251BDF0052_00718,364,188552,5162,1761,0.9646495335454123,0.0658704306912776,0.17129411764705882,0.9733524680714868,0.026647531928513168,0.8287058823529412,0.09515096065873742,0.049951969260326606,0.09515096065873742,0.09049581395701706
1092873_DF_251_251BDF0052_00720,2361,175368,14205,3905,0.9075260800964057,0.14252082578775807,0.3767954037663581,0.9250684432909749,0.07493155670902502,0.6232045962336419,0.20681499649614576,0.11533388696204387,0.20681499649614576,0.19090981978235816
1092874_DF_251_251BDF0052_00722,1200,186563,5852,2224,0.9587620443323343,0.17016449234259784,0.35046728971962615,0.969586570693553,0.030413429306447002,0.6495327102803738,0.2290950744558992,0.129366106080207,0.2290950744558992,0.2251475451415118
1092875_DF_251_251BDF0052_00723,836,188270,4255,2478,0.9656197182379403,0.16421135336868983,0.25226312613156304,0.9778989741592001,0.022101025840799895,0.7477368738684369,0.19892920880428316,0.11045052186550403,0.19892920880428316,0.18656152579733534
1092876_DF_251_251BDF0052_00725,595,189245,4151,1848,0.969367694892233,0.12536873156342182,0.24355300859598855,0.9785362675546547,0.0214637324453453,0.7564469914040115,0.1655306718597858,0.09023354564755838,0.1655306718597858,0.16029752230110048
1092877_DF_251_251BDF0052_00727,547,189732,3640,1920,0.971609332155495,0.13064246477191307,0.2217267936765302,0.9811761785573919,0.01882382144260803,0.7782732063234697,0.16441238352870455,0.08956934665138366,0.16441238352870455,0.15644497558468443
1092881_DF_251_251BDF0052_00734,353,192915,1516,1055,0.9868718692395284,0.18887105403959337,0.2507102272727273,0.9922028894569281,0.007797110543071835,0.7492897727272727,0.21544095209032652,0.1207250341997264,0.21544095209032652,0.2110877909755907
1092885_DF_251_251BDF0052_00741,11,194346,871,611,0.9924325593982812,0.012471655328798186,0.017684887459807074,0.9955382984063887,0.0044617015936112125,0.9823151125401929,0.014627659574468085,0.007367716008037508,0.014627659574468085,0.011111850834985577
1092886_DF_251_251BDF0052_00743,380,190216,3923,1320,0.9732280087214498,0.08831048105972578,0.2235294117647059,0.9797928288494326,0.020207171150567377,0.7764705882352941,0.12660336498417457,0.06757958385203627,0.12660336498417457,0.12866335211197596
1092888_DF_251_251BDF0052_00746,269,190145,3840,1585,0.9722986739107123,0.06546605013385252,0.14509169363538296,0.9802046549990978,0.01979534500090213,0.854908306364617,0.09022304209290626,0.04724271162627327,0.09022304209290626,0.08465726773555486
1092889_DF_251_251BDF0052_00748,2414,176957,13194,3274,0.9159105183339376,0.15466427473090721,0.42440225035161744,0.9306130391110223,0.06938696088897771,0.5755977496483825,0.2267092411720511,0.12784662641669314,0.2267092411720511,0.22013433375898656
1092890_DF_251_251BDF0052_00750,224,191828,2593,1194,0.980662687207349,0.0795172168974086,0.15796897038081806,0.9866629633630112,0.013337036636988802,0.842031029619182,0.10578512396694215,0.055846422338568937,0.10578512396694215,0.1029857332298652
1092891_DF_251_251BDF0052_00751,177,189254,4977,1431,0.9672792446856857,0.03434225844004657,0.11007462686567164,0.9743758720286669,0.025624127971333104,0.8899253731343284,0.05235137533274179,0.026879271070615034,0.05235137533274179,0.04760735377068326
1092892_DF_251_251BDF0052_00753,1256,184064,7774,2745,0.9462875116805131,0.1390919158361019,0.31392151962009496,0.9594762247312837,0.04052377526871631,0.686078480379905,0.1927710843373494,0.10666666666666667,0.1927710843373494,0.18441818728748005
1092893_DF_251_251BDF0052_00755,924,187697,4890,2328,0.9631431941543819,0.15892672858617132,0.28413284132841327,0.9746088780654977,0.02539112193450233,0.7158671586715867,0.20383851753805426,0.11348563006632277,0.20383851753805426,0.19481048517907976
1092894_DF_251_251BDF0052_00757,742,185948,6992,2157,0.9532830539371626,0.09594000517196793,0.2559503276992066,0.9637607546387478,0.036239245361252205,0.7440496723007933,0.13956550362080317,0.07501769285208776,0.13956550362080317,0.13623382632648
1092895_DF_251_251BDF0052_00759,327,190527,3380,1605,0.9745454174091984,0.08821149177232264,0.16925465838509315,0.9825689634721799,0.017431036527820038,0.8307453416149069,0.11597801028551162,0.06155873493975904,0.11597801028551162,0.1101104423881496
1092898_DF_251_251BDF0052_00764,0,195325,257,257,0.9973753950949504,0.0,0.0,0.9986859731468131,0.0013140268531868986,1.0,0.0,0.0,0.0,-0.0013140268531868986
1092899_DF_251_251BDF0052_00766,361,194327,498,653,0.9941227232573696,0.420256111757858,0.35601577909270216,0.9974438598742461,0.002556140125753882,0.6439842209072978,0.38547784303256805,0.23875661375661375,0.38547784303256805,0.38387473931915356
1092900_DF_251_251BDF0052_00768,1679,179573,10527,4060,0.9255153467899653,0.13755530067180075,0.2925596793866527,0.9446238821672803,0.05537611783271962,0.7074403206133473,0.1871273335190861,0.10322144350178286,0.1871273335190861,0.16547474080319652
1092901_DF_251_251BDF0052_00770,429,187098,6828,1484,0.9575569728195099,0.05911533691608103,0.22425509670674335,0.96479069335726,0.03520930664274002,0.7757449032932566,0.0935659760087241,0.049079052739961104,0.0935659760087241,0.09842690632922706
1092902_DF_251_251BDF0052_00771,174,188417,6083,1165,0.9629900070976669,0.02780885408342656,0.1299477221807319,0.9687249357326478,0.03127506426735219,0.8700522778192681,0.045813586097946286,0.023443815683104285,0.045813586097946286,0.04623440685272025
1092903_DF_251_251BDF0052_00773,810,183502,8794,2733,0.9411404265748906,0.08433985839233653,0.2286198137171888,0.9542684195199068,0.04573158048009319,0.7713801862828111,0.12322202783905073,0.06565615627786334,0.12322202783905073,0.11287551337556143
1092904_DF_251_251BDF0052_00775,2839,172427,16481,4092,0.8949494227401079,0.14694616977225672,0.4096090030298658,0.9127564740508607,0.08724352594913927,0.5903909969701342,0.21629652203725572,0.12126260037587562,0.21629652203725572,0.1997433641537622
1092905_DF_251_251BDF0052_00777,3259,169949,14670,7961,0.884440790649462,0.18177254726978637,0.29046345811051694,0.9205390561101512,0.07946094388984883,0.7095365418894831,0.2236097293217606,0.12587871765160294,0.2236097293217606,0.17003723817792465
1092906_DF_251_251BDF0052_00778,5774,155660,28224,6181,0.8243199771240662,0.1698335196188011,0.4829778335424509,0.8465119314350351,0.15348806856496486,0.5170221664575492,0.2513002415511501,0.14370691157072102,0.2513002415511501,0.208265689526312
1092907_DF_251_251BDF0052_00780,1548,180837,9016,4438,0.9313007112985667,0.1465354032563423,0.25860340795188774,0.9525106266427183,0.047489373357281685,0.7413965920481123,0.18706948640483384,0.10318624183442207,0.18706948640483384,0.1608687127604036
1092908_DF_251_251BDF0052_00782,319,189581,4508,1431,0.9696740690056628,0.06608659622954216,0.18228571428571427,0.9767735420348397,0.023226457965160312,0.8177142857142857,0.09700471339516496,0.050974752317034196,0.09700471339516496,0.09654048088387546
1092909_DF_251_251BDF0052_00784,232,192430,2054,1123,0.9837774906938863,0.10148731408573929,0.17121771217712178,0.9894387198946957,0.010561280105304292,0.8287822878228782,0.12743751716561386,0.06805514813728367,0.12743751716561386,0.12398571128341705
1092936_DF_251_251BDF0052_00831,84,193843,1232,680,0.9902368782520335,0.06382978723404255,0.1099476439790576,0.993684480328079,0.006315519671921056,0.8900523560209425,0.08076923076923077,0.04208416833667335,0.08076923076923077,0.07907304508440005
1092937_DF_251_251BDF0052_00833,628,186298,6777,2136,0.954488125449987,0.08480756245779879,0.2272069464544139,0.9648996503949242,0.03510034960507575,0.7727930535455861,0.1235126364440948,0.0658211927470915,0.1235126364440948,0.11880429859508264
1092938_DF_251_251BDF0052_00835,2464,170710,18842,3823,0.8842671786518518,0.1156481742232235,0.3919198345792906,0.9005971976027687,0.09940280239723137,0.6080801654207094,0.17859602072989525,0.09805404114767798,0.17859602072989525,0.16559504443857412
1092939_DF_251_251BDF0052_00836,1216,182983,8327,3313,0.9405634219945976,0.12742324216703343,0.26849194082578937,0.9564737860017772,0.043526213998222776,0.7315080591742107,0.17282546901648663,0.09458618543870566,0.17282546901648663,0.1570515143082057
1092940_DF_251_251BDF0052_00838,448,187158,6180,2053,0.9579603654021926,0.0675920337960169,0.17912834866053579,0.9680352543214474,0.031964745678552585,0.8208716513394642,0.09814875670938766,0.05160695772376454,0.09814875670938766,0.09138005779100798
1092941_DF_251_251BDF0052_00839,235,191070,3079,1455,0.9768483294951466,0.07091128545564272,0.1390532544378698,0.984141046309793,0.015858953690207005,0.8609467455621301,0.09392486011191047,0.04927657789893059,0.09392486011191047,0.08834495015595915
1092942_DF_251_251BDF0052_00841,386,191657,2431,1365,0.9806167310903344,0.13702520411785588,0.220445459737293,0.9874747537199621,0.01252524628003792,0.779554540262707,0.1690017513134851,0.09230033476805356,0.1690017513134851,0.16437747262048774
1092944_DF_251_251BDF0052_00844,6,195097,440,296,0.9962418108752598,0.013452914798206279,0.019867549668874173,0.9977497864854222,0.0022502135145778036,0.9801324503311258,0.016042780748663103,0.008086253369272238,0.016042780748663103,0.014502279023241707
1092945_DF_251_251BDF0052_00846,519,183662,9399,2259,0.9404715097605686,0.05232909860859044,0.18682505399568033,0.9513159053356193,0.04868409466438069,0.8131749460043196,0.08175803402646503,0.04262133530426213,0.08175803402646503,0.07450056884195166
1092946_DF_251_251BDF0052_00848,41,191903,3499,396,0.980111213803175,0.011581920903954802,0.09382151029748284,0.9820933255544979,0.017906674445502094,0.9061784897025171,0.020618556701030927,0.010416666666666666,0.020618556701030927,0.026886962047272076
1092947_DF_251_251BDF0052_00849,262,190829,3552,1196,0.9757555951572465,0.06869428421604615,0.17969821673525377,0.9817266090821634,0.01827339091783662,0.8203017832647462,0.09939301972685888,0.05229540918163673,0.09939301972685888,0.10041688918201859
1092948_DF_251_251BDF0052_00851,1072,185469,6761,2537,0.9525222248888118,0.13685688752712882,0.2970351898032696,0.9648285907506633,0.03517140924933673,0.7029648101967304,0.187379828701276,0.10337512054001928,0.187379828701276,0.17973371023240234
1092954_DF_251_251BDF0052_00863,27,194982,423,407,0.9957618247642196,0.06,0.06221198156682028,0.9978352652183926,0.002164734781607431,0.9377880184331797,0.06108597285067873,0.03150525087514586,0.06108597285067873,0.05897249311037132
1092955_DF_251_251BDF0052_00865,258,192183,2234,1164,0.9826490127094195,0.10353130016051364,0.18143459915611815,0.9885092353034971,0.011490764696502878,0.8185654008438819,0.1318344404701073,0.07056892778993436,0.1318344404701073,0.12872994745916744
1092957_DF_251_251BDF0052_00869,68,193450,1601,720,0.9881484280454863,0.04074295985620132,0.08629441624365482,0.9917918903261198,0.008208109673880165,0.9137055837563451,0.055352055352055354,0.028463792381749686,0.055352055352055354,0.05377653889130672
1092958_DF_251_251BDF0052_00870,49,193174,1930,686,0.9866420886544559,0.024759979787771603,0.06666666666666667,0.9901078399212727,0.009892160078727242,0.9333333333333333,0.03610906411201179,0.018386491557223265,0.03610906411201179,0.03471068013379262
1092959_DF_251_251BDF0052_00872,691,182618,10225,2305,0.9360188726453873,0.06330157566874313,0.23064085447263016,0.9469775931716474,0.053022406828352596,0.7693591455273698,0.09933870040253019,0.05226533545117616,0.09933870040253019,0.09502408259803101
1092960_DF_251_251BDF0052_00874,1260,183043,9618,1918,0.9410944704578761,0.11583011583011583,0.3964757709251101,0.9500781164843949,0.04992188351560513,0.6035242290748899,0.17928286852589642,0.09846827133479212,0.17928286852589642,0.1911745236432801
1092961_DF_251_251BDF0052_00876,405,189774,4046,1614,0.9710987086331119,0.09099078858683442,0.20059435364041606,0.9791249613043029,0.02087503869569704,0.799405646359584,0.125193199381762,0.06677658697444352,0.125193199381762,0.12180806925713676
1092962_DF_251_251BDF0052_00877,1284,186596,5982,1977,0.9593594738535225,0.17671345995045418,0.3937442502299908,0.9689372617848352,0.031062738215164764,0.6062557497700092,0.243944143630664,0.1389159363842908,0.243944143630664,0.24553686198100197
1092963_DF_251_251BDF0052_00879,951,188019,4837,2032,0.9649252702474992,0.16430545957152728,0.31880657056654377,0.9749191106317667,0.025080889368233293,0.6811934294334563,0.2168509862045377,0.12161125319693095,0.2168509862045377,0.2124152940419065
1092964_DF_251_251BDF0052_00881,1048,179687,12852,2252,0.9228754231792442,0.07539568345323741,0.31757575757575757,0.9332498870358733,0.06675011296412675,0.6824242424242424,0.12186046511627907,0.06488360574541853,0.12186046511627907,0.1257239337507089
1092965_DF_251_251BDF0052_00883,659,189699,3780,1701,0.9720127247381778,0.148456859653075,0.27923728813559323,0.9804629959840603,0.019537004015939715,0.7207627118644068,0.19385203706427415,0.10732899022801302,0.19385203706427415,0.19038459481636766
1092966_DF_251_251BDF0052_00885,276,191841,2569,1153,0.9809945924968979,0.09701230228471001,0.19314205738278517,0.9867856591739108,0.013214340826089193,0.8068579426172149,0.129153018249883,0.06903451725862932,0.129153018249883,0.12798540405331155
1092978_DF_251_251BDF0052_00905,173,194571,722,373,0.9944086724299042,0.19329608938547485,0.31684981684981683,0.9963029908906105,0.0036970091093894816,0.6831501831501832,0.24011103400416378,0.13643533123028392,0.24011103400416378,0.2448102038939879
1092979_DF_251_251BDF0052_00907,856,186095,7105,1783,0.9546157813305828,0.10752418037934933,0.32436528988253127,0.9632246376811594,0.03677536231884058,0.6756347101174688,0.16150943396226414,0.08784893267651889,0.16150943396226414,0.16790945477606894
1092980_DF_251_251BDF0052_00909,910,186170,6690,2069,0.955274485674457,0.11973684210526316,0.30547163477677075,0.9653116250129627,0.03468837498703723,0.6945283652232292,0.17203894507987522,0.09411521356913849,0.17203894507987522,0.17159970831450908
1092981_DF_251_251BDF0052_00911,1273,185243,6775,2548,0.952394569008216,0.158175944333996,0.33315885893745095,0.9647168494620296,0.0352831505379704,0.6668411410625491,0.214508383183082,0.12013967534918837,0.214508383183082,0.20754544522263085
1092982_DF_251_251BDF0052_00912,1635,184369,7494,2341,0.949780176573614,0.17909957279000985,0.41121730382293764,0.9609408796901956,0.03905912030980439,0.5887826961770624,0.24952308279282717,0.14254577157802964,0.24952308279282717,0.248972272623882
1092983_DF_251_251BDF0052_00914,1388,188568,3963,1920,0.9699600181781974,0.2593907680807326,0.4195888754534462,0.979416301790361,0.020583698209638967,0.5804111245465539,0.320591292297032,0.19089533764269015,0.320591292297032,0.3153990116561219
1092987_DF_251_251BDF0052_00921,234,191902,2734,969,0.9810916109661507,0.07884097035040431,0.19451371571072318,0.9859532666104934,0.014046733389506566,0.8054862842892768,0.11220330855909853,0.05943611887223774,0.11220330855909853,0.11541884951084165
1092988_DF_251_251BDF0052_00923,1783,180853,10402,2801,0.9325823763397485,0.14632745178498152,0.3889616055846422,0.9456118794279889,0.05438812057201119,0.6110383944153578,0.21265430258214563,0.11897771253169626,0.21265430258214563,0.20941474669582266
1092989_DF_251_251BDF0052_00925,604,186846,6509,1880,0.9571637927072748,0.08491494446787572,0.2431561996779388,0.9663365312508081,0.0336634687491919,0.7568438003220612,0.1258726685422528,0.06716334927165574,0.1258726685422528,0.12530840023025114
1092990_DF_251_251BDF0052_00927,974,181493,10852,2520,0.9317194225869209,0.08236089971249788,0.27876359473382945,0.9435805453741974,0.05641945462580259,0.7212364052661706,0.12715404699738903,0.06789348947441795,0.12715404699738903,0.12356184908942755
1092991_DF_251_251BDF0052_00928,1359,179600,12788,2092,0.9240192198693825,0.09606276949176504,0.3937988988698928,0.9335301578061002,0.06646984219389983,0.6062011011301072,0.1544493692465053,0.08368741917605764,0.1544493692465053,0.16635886511361173
1092992_DF_251_251BDF0052_00931,1666,180413,11328,2432,0.9297382033200742,0.12821302139448976,0.406539775500244,0.9409203039516848,0.05907969604831517,0.593460224499756,0.19494500351041422,0.10799948139504732,0.19494500351041422,0.199818369139533
1092993_DF_251_251BDF0052_00932,1869,177180,14226,2564,0.9142663105918637,0.11612301957129544,0.421610647417099,0.9256763110874268,0.07432368891257328,0.5783893525829009,0.18209275136399064,0.10016613966450506,0.18209275136399064,0.18807991617156739
1092994_DF_251_251BDF0052_00934,1369,181243,10485,2742,0.9324598266943765,0.11548844271975704,0.3330090002432498,0.9453131519652842,0.054686848034715844,0.6669909997567501,0.1715001565925462,0.09379281995067142,0.1715001565925462,0.16731720972261632
1092995_DF_251_251BDF0052_00936,1685,178580,13348,2226,0.9204754926240433,0.1120867424998337,0.4308361032983892,0.930453086574132,0.06954691342586804,0.5691638967016108,0.17789273648648649,0.09763022191320471,0.17789273648648649,0.1898623256006147
1092996_DF_251_251BDF0052_00937,1290,182275,9750,2524,0.9373260688626882,0.11684782608695653,0.3382275825904562,0.9492253612810831,0.050774638718916805,0.6617724174095437,0.17369058839369866,0.0951046888823356,0.17369058839369866,0.17222716264464719
1092998_DF_251_251BDF0052_00941,284,190522,3975,1058,0.9743003181184544,0.06668231979337873,0.21162444113263784,0.9795626667763513,0.020437333223648695,0.7883755588673621,0.10141046241742546,0.05341357908595072,0.10141046241742546,0.10813403541625129
1092999_DF_251_251BDF0052_00943,603,187519,5848,1869,0.9605951827776898,0.09347388001860177,0.24393203883495146,0.9697569905930175,0.030243009406982577,0.7560679611650486,0.1351563375546341,0.07247596153846154,0.1351563375546341,0.13366197979466285
1093000_DF_251_251BDF0052_00945,149,191727,3184,779,0.9797639898079545,0.0447044704470447,0.16056034482758622,0.9836643391086188,0.016335660891381193,0.8394396551724138,0.06993663459281858,0.03623540856031129,0.06993663459281858,0.07657587481473857
1093001_DF_251_251BDF0052_00947,124,192674,2175,866,0.9844719386843275,0.053936494127881686,0.12525252525252525,0.9888375100719018,0.011162489928098169,0.8747474747474747,0.07540285801155366,0.039178515007898894,0.07540285801155366,0.07512068656934982
1093003_DF_251_251BDF0052_00950,293,189388,5185,973,0.9685558034916436,0.053486673968601676,0.23143759873617695,0.9733519039126703,0.02664809608732969,0.768562401263823,0.0868920521945433,0.04541931483490932,0.0868920521945433,0.0995327100103692
1093004_DF_251_251BDF0052_00952,667,185332,7640,2200,0.9497546453974949,0.08029372818105213,0.2326473665852808,0.9604087639657567,0.03959123603424331,0.7673526334147193,0.11938428494719885,0.06348148853145522,0.11938428494719885,0.11504951571015411
1093005_DF_251_251BDF0052_00953,489,189712,4236,1402,0.9712110458080362,0.1034920634920635,0.25859333685880487,0.9781590941901953,0.02184090580980469,0.7414066631411952,0.14782345828295043,0.07981067406561122,0.14782345828295043,0.1508814005570915
1093006_DF_251_251BDF0052_00955,151,191982,2552,1154,0.9810762922604793,0.05586385497595264,0.11570881226053639,0.9868814705912591,0.013118529408740889,0.8842911877394636,0.0753493013972056,0.03914959813326419,0.0753493013972056,0.07154093343313166
1093012_DF_251_251BDF0052_00966,31,194538,964,306,0.9935150812657336,0.031155778894472363,0.09198813056379822,0.9950691041523871,0.004930895847612812,0.9080118694362018,0.046546546546546545,0.02382782475019216,0.046546546546546545,0.05075050430060277
1093013_DF_251_251BDF0052_00968,361,190009,4178,1291,0.9720739995608638,0.0795329367702137,0.2185230024213075,0.978484656542405,0.021515343457595,0.7814769975786925,0.11662090130835083,0.06192109777015437,0.11662090130835083,0.11974589425341459
1093014_DF_251_251BDF0052_00970,1122,184368,8396,1953,0.9471555716685645,0.11788190796385796,0.3648780487804878,0.9564441493224876,0.0435558506775124,0.6351219512195122,0.17819423489240055,0.09781187341992852,0.17819423489240055,0.18576868234752916
1093015_DF_251_251BDF0052_00971,774,186225,7170,1670,0.9548608806213267,0.09743202416918428,0.31669394435351883,0.962925618552703,0.03707438144729698,0.6833060556464812,0.1490180978051598,0.08050759309340545,0.1490180978051598,0.15734883968064867
1093016_DF_251_251BDF0052_00973,981,184613,7945,2300,0.947686620131843,0.10990365225184853,0.2989942090825968,0.958739704400752,0.04126029559924802,0.7010057909174032,0.16072745146227574,0.08738642437199359,0.16072745146227574,0.15860149304605597
1093017_DF_251_251BDF0052_00975,3227,177131,10547,4934,0.9209503724998596,0.23428198054305213,0.3954172282808479,0.9438026833193022,0.056197316680697794,0.6045827717191521,0.294232961021199,0.1724930511011332,0.294232961021199,0.2651040953899405
1093018_DF_251_251BDF0052_00976,2009,180295,10387,3148,0.9308871062454364,0.16206840916424653,0.38956757804925346,0.9455271079598494,0.054472892040150614,0.6104324219507465,0.2289067395886743,0.12924601132269686,0.2289067395886743,0.22035839466555668
1093019_DF_251_251BDF0052_00978,2825,178494,11055,3465,0.925857464549962,0.20353025936599423,0.4491255961844197,0.9416773499200735,0.05832265007992656,0.5508744038155803,0.28011898859692613,0.16287114442202363,0.28011898859692613,0.26851119462112993
1093020_DF_251_251BDF0052_00980,2381,177692,12400,3366,0.9194950954610676,0.16108517691631147,0.4143031146685227,0.9347684279191129,0.06523157208088715,0.5856968853314773,0.2319758378799688,0.13120625998787677,0.2319758378799688,0.22302635976866586
1093021_DF_251_251BDF0052_00982,2363,174864,15088,3524,0.9049627500140421,0.13540771302504154,0.40139289960930863,0.9205694070080862,0.07943059299191374,0.5986071003906913,0.20250235667152283,0.11265792610250298,0.20250235667152283,0.19296609393924177
1093022_DF_251_251BDF0052_00984,10339,151037,27932,6531,0.8240238154810839,0.270152334665935,0.6128630705394191,0.8439282780816789,0.15607172191832105,0.3871369294605809,0.37500226691572514,0.23077094772554796,0.37500226691572514,0.3232178972974042
1093023_DF_251_251BDF0052_00986,6635,160627,22657,5920,0.854079116008558,0.22651235832309163,0.5284747112704102,0.8763830994522163,0.12361690054778376,0.4715252887295898,0.31710755848686883,0.1884300806543224,0.31710755848686883,0.2780546985794297
1093024_DF_251_251BDF0052_00987,6589,156370,27154,5726,0.8321069858404098,0.195270130101058,0.5350385708485587,0.8520411499313442,0.14795885006865586,0.46496142915144134,0.28611750401667463,0.16694114368238364,0.28611750401667463,0.24882044667554531
1093082_DF_251_251BDF0052_01089,808,189165,4248,1618,0.9700468241770025,0.15981012658227847,0.3330585325638912,0.9780366366273208,0.02196336337267919,0.6669414674361088,0.21598503074044373,0.12106682649086005,0.21598503074044373,0.21697421545484114
1093083_DF_251_251BDF0052_01091,4051,172238,15796,3754,0.9001731013740879,0.2041114526124855,0.519026265214606,0.915993915993916,0.084006084006084,0.48097373478539396,0.29299869810501955,0.17164526926825135,0.29299869810501955,0.28198119900352064
1093084_DF_251_251BDF0052_01092,2682,170215,19074,3868,0.8828527514948503,0.12327633756205185,0.40946564885496184,0.8992334472684625,0.10076655273153749,0.5905343511450382,0.1895004592665866,0.10466749921948174,0.1895004592665866,0.17662451814958777
1093097_DF_251_251BDF0052_01115,1016,185648,6762,2413,0.953150291821343,0.130624839290306,0.2962962962962963,0.9648562964502885,0.03514370354971155,0.7037037037037037,0.18131524939769786,0.09969581002845648,0.18131524939769786,0.1753915088776845
1093098_DF_251_251BDF0052_01116,8073,152502,30709,4555,0.8199337210667946,0.2081635810427518,0.6392936331960722,0.8323845183968211,0.16761548160317885,0.36070636680392776,0.31406341178758995,0.1862842374875972,0.31406341178758995,0.2907000251436411
1093099_DF_251_251BDF0052_01118,1429,180948,10553,2909,0.9312598614167761,0.11926222667334335,0.3294144767173813,0.9448932381554144,0.05510676184458567,0.6705855232826187,0.17512254901960783,0.09596400510375394,0.17512254901960783,0.16844711485390604
1093100_DF_251_251BDF0052_01120,629,183491,9997,1722,0.9401600294119149,0.05919442875964615,0.2675457252233092,0.9483327131398329,0.05166728686016704,0.7324542747766908,0.09694074131155121,0.05093942338840298,0.09694074131155121,0.10378676161025799
1093101_DF_251_251BDF0052_01121,2960,169993,18706,4180,0.883138700667385,0.13661958829502446,0.41456582633053224,0.9008685790597725,0.09913142094022756,0.5854341736694678,0.2055127404013053,0.11452449121720963,0.2055127404013053,0.18847909206949234
1093102_DF_251_251BDF0052_01123,1349,181505,10114,2871,0.9336955356185438,0.11768298002268167,0.31966824644549763,0.9472181777381158,0.05278182226188426,0.6803317535545024,0.17203341197474972,0.0941119017720106,0.17203341197474972,0.16508235376946787
1093203_DF_251_251BDF0052_01334,16,195478,167,178,0.9982383488477781,0.08743169398907104,0.08247422680412371,0.9991464131462598,0.0008535868537401927,0.9175257731958762,0.08488063660477453,0.0443213296398892,0.08488063660477453,0.08403556165696018
1093204_DF_251_251BDF0052_01335,45,194769,577,448,0.9947661088955724,0.07234726688102894,0.09127789046653144,0.9970462666243486,0.0029537333756514085,0.9087221095334685,0.08071748878923767,0.04205607476635514,0.08071748878923767,0.07865950570337822
1093250_DF_251_251BDF0052_01416,8,195388,262,181,0.9977379377958425,0.02962962962962963,0.042328042328042326,0.9986608740097113,0.001339125990288781,0.9576719576719577,0.034858387799564274,0.017738359201773836,0.034858387799564274,0.03430088892869694
1093251_DF_251_251BDF0052_01417,310,192055,2246,1228,0.9822609388324083,0.12128325508607199,0.20156046814044212,0.9884406153339407,0.011559384666059361,0.7984395318595578,0.15144113336590131,0.08192389006342495,0.15144113336590131,0.14777280240485716
1093257_DF_251_251BDF0052_01427,18,195109,428,284,0.9963643605206317,0.04035874439461883,0.059602649006622516,0.9978111559449107,0.002188844055089318,0.9403973509933775,0.0481283422459893,0.024657534246575342,0.0481283422459893,0.04726202712491557
1093258_DF_251_251BDF0052_01429,225,192606,1891,1117,0.9846404444467138,0.10633270321361059,0.1676602086438152,0.9902774849997686,0.009722515000231366,0.8323397913561847,0.13013302486986697,0.06959480358799876,0.13013302486986697,0.12602888050541253
1093285_DF_251_251BDF0052_01476,25,195392,186,236,0.997845168735543,0.11848341232227488,0.09578544061302682,0.9990489727883505,0.000951027211649572,0.9042145593869731,0.1059322033898305,0.05592841163310962,0.1059322033898305,0.10546041623786466
1093337_DF_251_251BDF0052_01595,0,195576,44,219,0.9986570601361322,0.0,0.0,0.9997750741233002,0.00022492587669972394,1.0,0.0,0.0,0.0,-0.0005015808762853126
1093338_DF_251_251BDF0052_01597,822,183838,9505,1674,0.942917396432784,0.07959717246054034,0.3293269230769231,0.9508386649633036,0.04916133503669644,0.6706730769230769,0.12820712781720348,0.06849429214232147,0.12820712781720348,0.1406138876887804
1093339_DF_251_251BDF0052_01599,344,187851,5521,2123,0.9609679379490296,0.05865302642796249,0.139440616132955,0.9714488136855387,0.028551186314461244,0.860559383867045,0.08257321171387422,0.04306459689534301,0.08257321171387422,0.07255885617983744
1093340_DF_251_251BDF0052_01600,40,193870,1092,837,0.9901500722532284,0.0353356890459364,0.04561003420752566,0.9943989085052471,0.005601091494752824,0.9543899657924744,0.039820806371329016,0.02031488065007618,0.039820806371329016,0.035238536313452265
1093341_DF_251_251BDF0052_01602,402,188414,5299,1724,0.9641389100230291,0.07051394492194352,0.18908748824082786,0.9726450986769086,0.027354901323091377,0.8109125117591721,0.10272134917592947,0.05414141414141414,0.10272134917592947,0.0996893043818966
1093490_DF_251_251BDF0052_01857,137,192927,1942,833,0.9858301972538667,0.0658970658970659,0.14123711340206185,0.9900343307555332,0.009965669244466796,0.8587628865979381,0.0898655296818629,0.047046703296703296,0.0898655296818629,0.08992246446439078
1093506_DF_251_251BDF0052_01885,89,193767,1012,971,0.9898743355511415,0.08083560399636694,0.08396226415094339,0.9948043680273541,0.005195631972645922,0.9160377358490566,0.08236927348449792,0.04295366795366795,0.08236927348449792,0.07729426345770724
1093507_DF_251_251BDF0052_01886,906,188136,4879,1918,0.9652929191836152,0.15661192739844426,0.32082152974504247,0.9747221718519286,0.025277828148071394,0.6791784702549575,0.2104774073643861,0.11761651304686485,0.2104774073643861,0.20809392237058283
1093532_DF_251_251BDF0052_01928,0,195623,84,132,0.9988970531916523,0.0,0.0,0.9995707869417036,0.0004292130582963307,1.0,0.0,0.0,0.0,-0.0005379810732091221
1093533_DF_251_251BDF0052_01930,382,188243,5160,2054,0.9631636190952773,0.06892818477084085,0.1568144499178982,0.9733199588424172,0.026680041157582872,0.8431855500821018,0.0957633492103284,0.05028962611901001,0.0957633492103284,0.08697874897633481
1093534_DF_251_251BDF0052_01931,86,192550,1945,1258,0.9836447285780667,0.04234367306745446,0.06398809523809523,0.9899997429239826,0.010000257076017378,0.9360119047619048,0.05096296296296296,0.02614776527820006,0.05096296296296296,0.043995573231661395
1093596_DF_251_251BDF0052_02035,5,195500,212,122,0.9982945174352402,0.02304147465437788,0.03937007874015748,0.9989167756703728,0.0010832243296272073,0.9606299212598425,0.029069767441860465,0.014749262536873156,0.029069767441860465,0.029296892706520434
1093597_DF_251_251BDF0052_02037,1,195495,141,202,0.9982485613182257,0.007042253521126761,0.0049261083743842365,0.999279273753297,0.0007207262467030607,0.9950738916256158,0.005797101449275362,0.0029069767441860465,0.005797101449275362,0.0050273788611943995
1093728_DF_251_251BDF0052_02259,10,194273,740,816,0.9920546979917176,0.013333333333333334,0.012106537530266344,0.9962053811797162,0.003794618820283776,0.9878934624697336,0.012690355329949238,0.006385696040868455,0.012690355329949238,0.00872119645422232
1093729_DF_251_251BDF0052_02261,0,194614,467,758,0.993744861850806,0.0,0.0,0.9976061225849775,0.0023938774150224777,1.0,0.0,0.0,0.0,-0.0030475749512836954
1093878_DF_251_251BDF0052_02531,827,188904,4209,1899,0.9688111152528353,0.1642176330420969,0.3033749082905356,0.9782044709574187,0.021795529042581287,0.6966250917094644,0.21308940994589023,0.11925018024513338,0.21308940994589023,0.2084174452660589
1093880_DF_251_251BDF0052_02535,15,195535,187,102,0.9985242980203126,0.07425742574257425,0.1282051282051282,0.9990445632069976,0.0009554367930023196,0.8717948717948718,0.09404388714733543,0.049342105263157895,0.09404388714733543,0.09686531814646368
1093881_DF_251_251BDF0052_02537,155,194073,1113,498,0.991773855054407,0.1222397476340694,0.23736600306278713,0.9942977467646245,0.005702253235375488,0.7626339969372129,0.16137428422696512,0.08776896942242356,0.16137428422696512,0.16651000052457599
1093882_DF_251_251BDF0052_02538,672,188546,5221,1400,0.9661916165830096,0.11403359918547429,0.32432432432432434,0.9730552674087951,0.0269447325912049,0.6756756756756757,0.1687382297551789,0.09214315096668038,0.1687382297551789,0.17809947832883805
1093927_DF_251_251BDF0052_02620,204,192314,2451,870,0.9830421928216545,0.0768361581920904,0.18994413407821228,0.9874156034195055,0.012584396580494442,0.8100558659217877,0.10941271118262269,0.05787234042553192,0.10941271118262269,0.11326475653977379
1093928_DF_251_251BDF0052_02622,183,193908,1026,722,0.9910743008287419,0.1513647642679901,0.2022099447513812,0.9947366801071131,0.005263319892886823,0.7977900552486188,0.17313150425733206,0.09476954945624029,0.17313150425733206,0.17052913442264614
1093936_DF_251_251BDF0052_02637,3,195422,183,231,0.9978860186173336,0.016129032258064516,0.01282051282051282,0.9990644410930191,0.0009355589069809054,0.9871794871794872,0.014285714285714285,0.007194244604316547,0.014285714285714285,0.01332894202039588
1093965_DF_251_251BDF0052_02688,29,194524,531,755,0.9934333815021523,0.05178571428571429,0.036989795918367346,0.9972776909076927,0.002722309092307298,0.9630102040816326,0.043154761904761904,0.022053231939163497,0.043154761904761904,0.04052257593981368
1093966_DF_251_251BDF0052_02690,41,194771,454,573,0.9947558964251247,0.08282828282828283,0.06677524429967427,0.9976744781662185,0.002325521833781534,0.9332247557003257,0.0739404869251578,0.03838951310861423,0.0739404869251578,0.07175799824922387
1093967_DF_251_251BDF0052_02692,383,193622,852,982,0.9906351645994924,0.3101214574898785,0.2805860805860806,0.9956189516336375,0.0043810483663625985,0.7194139194139194,0.2946153846153846,0.17275597654488048,0.2946153846153846,0.2902814780828256
1093968_DF_251_251BDF0052_02694,443,187787,3556,4053,0.9611466561818637,0.1107776944236059,0.09853202846975088,0.9814155730808025,0.018584426919197462,0.9014679715302492,0.10429664508534432,0.0550173869846001,0.10429664508534432,0.08466025944984992
1093982_DF_251_251BDF0052_02720,4,195690,74,71,0.9992595958925444,0.05128205128205128,0.05333333333333334,0.9996219938293047,0.000378006170695327,0.9466666666666667,0.05228758169934641,0.026845637583892617,0.05228758169934641,0.05192736837450997
1094000_DF_251_251BDF0052_02753,551,189208,4906,1174,0.9689540898391026,0.10097122961334067,0.3194202898550725,0.9747261918254222,0.025273808174577826,0.6805797101449276,0.15343915343915343,0.0830945558739255,0.15343915343915343,0.16699240444930183
1094001_DF_251_251BDF0052_02755,1284,183771,9311,1473,0.9449343593461976,0.12118924020764511,0.4657236126224157,0.9517769652272091,0.048223034772790836,0.5342763873775843,0.19233073696824446,0.10639708319522705,0.19233073696824446,0.21743217125604575
1094002_DF_251_251BDF0052_02756,844,185224,8610,1161,0.9501069756279393,0.08927438121430083,0.42094763092269327,0.9555805483042191,0.044419451695780925,0.5790523690773067,0.14730779300113447,0.07951012717852096,0.14730779300113447,0.17683017376523805
1094003_DF_251_251BDF0052_02758,317,190874,2313,2335,0.9762662186796297,0.12053231939163499,0.11953242835595777,0.9880271446836485,0.011972855316351514,0.8804675716440422,0.1200302915562287,0.06384692849949647,0.1200302915562287,0.10800235565896509
1094047_DF_251_251BDF0052_02839,2173,184934,4665,4067,0.9554123540255005,0.31778297747879497,0.34823717948717947,0.9753954398493663,0.024604560150633704,0.6517628205128205,0.3323138094509864,0.19926639156350298,0.3323138094509864,0.3096463784973188
1094173_DF_251_251BDF0052_03073,223,191276,2504,1836,0.9778389391285699,0.08177484415108177,0.10830500242836329,0.9870781298379606,0.012921870162039426,0.8916949975716367,0.0931884663602173,0.04887135656366426,0.0931884663602173,0.0830246453816664
1094241_DF_251_251BDF0052_03202,19,195015,459,346,0.9958894806448154,0.0397489539748954,0.052054794520547946,0.9976518616286565,0.0023481383713435033,0.947945205479452,0.045077105575326216,0.023058252427184466,0.045077105575326216,0.04344828089510582
1094242_DF_251_251BDF0052_03203,126,194220,869,624,0.9923763908108191,0.12663316582914572,0.168,0.9955456227670448,0.004454377232955216,0.832,0.14441260744985673,0.07782581840642372,0.14441260744985673,0.1420793263062282
1094243_DF_251_251BDF0052_03205,203,192733,1805,1098,0.9851765991452163,0.10109561752988047,0.15603382013835512,0.9907216070896174,0.009278392910382547,0.8439661798616449,0.12269567845270475,0.06535737282678686,0.12269567845270475,0.11834272636147031
1094244_DF_251_251BDF0052_03207,54,194732,487,566,0.994623134309305,0.09981515711645102,0.08709677419354839,0.9975053657687007,0.0024946342312992076,0.9129032258064517,0.09302325581395349,0.04878048780487805,0.09302325581395349,0.09055046911248431
1094247_DF_251_251BDF0052_03214,938,187343,5679,1879,0.9614070741782791,0.14175608281698654,0.3329783457578985,0.9705784832816985,0.02942151671830154,0.6670216542421016,0.19885520457918168,0.11040489642184557,0.19885520457918168,0.20004166244169455
1094248_DF_251_251BDF0052_03216,823,188023,4940,2053,0.9642920970797441,0.14280756550407775,0.28616133518776077,0.9743992371594554,0.02560076284054456,0.7138386648122392,0.19053131149438593,0.10529682702149437,0.19053131149438593,0.18546083459966653
1094253_DF_251_251BDF0052_03226,497,190504,3671,1167,0.9752960339871016,0.11924184261036469,0.29867788461538464,0.981094373632033,0.01890562636796704,0.7013221153846154,0.17043895747599452,0.09315838800374883,0.17043895747599452,0.17792456256561268
1094254_DF_251_251BDF0052_03227,786,189371,3659,2023,0.9709863714581876,0.17682789651293587,0.27981488074047706,0.9810443972439518,0.01895560275604828,0.720185119259523,0.21670802315963605,0.12152133580705009,0.21670802315963605,0.20825456051230465
1094256_DF_251_251BDF0052_03232,48,193763,1430,598,0.9896445549660691,0.03247631935047361,0.07430340557275542,0.9926739176097503,0.0073260823902496506,0.9256965944272446,0.04519774011299435,0.023121387283236993,0.04519774011299435,0.04437459328331662
1094259_DF_251_251BDF0052_03238,564,190276,2268,2731,0.9744739301160648,0.19915254237288135,0.17116843702579665,0.9882208741897955,0.01177912581020442,0.8288315629742034,0.1841031499918394,0.1013841452453712,0.1841031499918394,0.17171915533360485
1094260_DF_251_251BDF0052_03239,1186,187692,5404,1557,0.9644554966069067,0.17996965098634293,0.4323733138899016,0.972013920536935,0.027986079463065004,0.5676266861100985,0.2541519339976428,0.14557505830367007,0.2541519339976428,0.2635344988419057
1094261_DF_251_251BDF0052_03241,361,189819,4578,1081,0.9711038148683357,0.07309171897145171,0.2503467406380028,0.9764502538619423,0.023549746138057687,0.7496532593619972,0.11314840934022881,0.05996677740863787,0.11314840934022881,0.12366369737327951
1094275_DF_251_251BDF0052_03267,10,195058,567,204,0.9960630926424257,0.01733102253032929,0.04672897196261682,0.9971015974440894,0.0028984025559105433,0.9532710280373832,0.025284450063211124,0.012804097311139564,0.025284450063211124,0.02671772057629791
1094276_DF_251_251BDF0052_03269,148,193310,1713,668,0.9878420539320565,0.07952713594841483,0.18137254901960784,0.9912164206273106,0.008783579372689376,0.8186274509803921,0.11057153530070975,0.05852115460656386,0.11057153530070975,0.11459128950905263
1094278_DF_251_251BDF0052_03273,243,190966,3668,962,0.9763581309136586,0.06213244694451547,0.2016597510373444,0.981154371795267,0.018845628204732987,0.7983402489626557,0.09499609069585614,0.04986661194336138,0.09499609069585614,0.10218791631209401
1094279_DF_251_251BDF0052_03275,181,192112,2657,889,0.9818932898962923,0.06377730796335447,0.1691588785046729,0.9863581986866493,0.013641801313350688,0.8308411214953271,0.09263050153531217,0.04856452911188624,0.09263050153531217,0.0959276745082954
1094285_DF_251_251BDF0052_03285,781,189277,4498,1283,0.9704808541710283,0.1479446864936541,0.37839147286821706,0.976787511288866,0.023212488711134047,0.6216085271317829,0.21271959689500206,0.11901859189271563,0.21271959689500206,0.22395423373842366
1094287_DF_251_251BDF0052_03289,168,191656,2960,1055,0.9794984655763153,0.05370843989769821,0.1373671300081766,0.9847905619270769,0.01520943807292309,0.8626328699918234,0.0772236267524707,0.0401625627540043,0.0772236267524707,0.07676030529842047
1094288_DF_251_251BDF0052_03291,309,192360,2289,881,0.9838132343404531,0.11893764434180139,0.2596638655462185,0.9882403711295716,0.011759628870428309,0.7403361344537815,0.1631467793030623,0.08881862604196608,0.1631467793030623,0.16838922826836084
1094289_DF_251_251BDF0052_03293,307,190724,3757,1051,0.9754492210438166,0.07554133858267717,0.2260677466863034,0.9806819175137931,0.019318082486206877,0.7739322533136966,0.11324234599778679,0.06001955034213099,0.11324234599778679,0.12035397594265744
1094290_DF_251_251BDF0052_03295,85,193778,1267,709,0.9899100791977083,0.0628698224852071,0.1070528967254408,0.9935040631649107,0.006495936835089339,0.8929471032745592,0.07921714818266543,0.041242115477923336,0.07921714818266543,0.07717136152815882
1094535_DF_251_251BDF0052_03747,31,194444,626,738,0.9930350951546933,0.0471841704718417,0.04031209362808843,0.9967908955759471,0.0032091044240529043,0.9596879063719116,0.043478260869565216,0.022222222222222223,0.043478260869565216,0.040129592083992596
1094543_DF_251_251BDF0052_03762,53,195117,457,212,0.9965839286352565,0.10392156862745099,0.2,0.9976632885761911,0.0023367114238088908,0.8,0.1367741935483871,0.07340720221606649,0.1367741935483871,0.1425725972714869
1094544_DF_251_251BDF0052_03764,788,190997,2861,1193,0.9792993224025858,0.21594957522608935,0.397778899545684,0.9852417749074065,0.014758225092593547,0.602221100454316,0.2799289520426288,0.1627426683188765,0.2799289520426288,0.2834353362354419
1094551_DF_251_251BDF0052_03777,1066,187430,5121,2222,0.962504914751403,0.17229675125262647,0.3242092457420925,0.9734044486915155,0.026595551308484504,0.6757907542579076,0.2250131926121372,0.12676893804257344,0.2250131926121372,0.2186114642668241
1094552_DF_251_251BDF0052_03779,303,190422,4459,655,0.973886713065324,0.06362872742545149,0.3162839248434238,0.9771193702823775,0.022880629717622548,0.6837160751565762,0.10594405594405594,0.05593501938342256,0.10594405594405594,0.13290263411355355
1094553_DF_251_251BDF0052_03781,1278,183372,10197,992,0.9428663340805458,0.11137254901960784,0.5629955947136563,0.9473211103017528,0.05267888969824713,0.4370044052863436,0.1859585303746817,0.10251062805807332,0.1859585303746817,0.23257134725393308
1094702_DF_251_251BDF0052_04058,23,194108,1120,588,0.9912785502376953,0.020122484689413824,0.03764320785597381,0.9942631179953695,0.005736882004630483,0.9623567921440261,0.026225769669327253,0.013287117273252455,0.026225769669327253,0.023359676505890783
1094910_DF_251_251BDF0052_04492,487,189523,3413,2416,0.9702357548802844,0.12487179487179487,0.16775749224939718,0.9823101961272132,0.01768980387278683,0.8322425077506028,0.14317212994267234,0.07710576314122862,0.14317212994267234,0.12980858877088577
1094911_DF_251_251BDF0052_04494,1381,185690,5960,2808,0.9552285295574426,0.1881215093311538,0.3296729529720697,0.9689016436211845,0.03109835637881555,0.6703270470279303,0.23954900260190806,0.13607251946004534,0.23954900260190806,0.2274214691846572
1094912_DF_251_251BDF0052_04497,322,192600,1650,1267,0.9851051118520826,0.16328600405679514,0.2026431718061674,0.9915057915057915,0.008494208494208495,0.7973568281938326,0.18084807638303846,0.0994133991972831,0.18084807638303846,0.17445046765661343
1095846_DF_070_070BDF0010_01635,124,193748,1177,790,0.9899560353147228,0.09531129900076864,0.13566739606126915,0.993961780171861,0.006038219828139028,0.8643326039387309,0.11196388261851016,0.05930176948828312,0.11196388261851016,0.10875988980204392
1095847_DF_070_070BDF0010_01637,310,192580,1737,1212,0.98494171232492,0.15144113336590131,0.20367936925098554,0.9910609982657205,0.008939001734279554,0.7963206307490145,0.17371812832726255,0.09512120282295182,0.17371812832726255,0.1681480620074204
1095862_DF_070_070BDF0010_01664,679,188355,4901,1904,0.9652520693018245,0.12168458781362007,0.26287262872628725,0.9746398559423769,0.02536014405762305,0.7371273712737128,0.16636040671321817,0.09072688401924105,0.16636040671321817,0.16286412667490785
1095878_DF_070_070BDF0010_01692,837,186429,6113,2460,0.9562242454260897,0.12043165467625899,0.2538671519563239,0.9682510828806182,0.03174891711938174,0.7461328480436761,0.16336488728408316,0.08894792773645059,0.16336488728408316,0.15445810076690425
1095940_DF_070_070BDF0010_01813,244,191930,2332,1333,0.9812856479046563,0.09472049689440994,0.15472415979708307,0.9879955935798046,0.012004406420195407,0.8452758402029169,0.11750541777028654,0.06242005628037861,0.11750541777028654,0.11195579373535836
1096016_DF_070_070BDF0010_01950,0,195106,349,384,0.9962571295809313,0.0,0.0,0.9982144227571563,0.0017855772428436213,1.0,0.0,0.0,0.0,-0.0018728054304508268
1096017_DF_070_070BDF0010_01952,702,190741,2160,2236,0.9775529899560353,0.24528301886792453,0.23893805309734514,0.9888025463838964,0.011197453616103597,0.7610619469026548,0.24206896551724139,0.13770105923891723,0.24206896551724139,0.2306991554941246
1096018_DF_070_070BDF0010_01954,582,189264,3298,2695,0.9693983323035759,0.15,0.1776014647543485,0.982873048680425,0.017126951319574993,0.8223985352456515,0.16263797680592426,0.0885171102661597,0.16263797680592426,0.14770985779495677
1096019_DF_070_070BDF0010_01956,3082,185088,4310,3359,0.9608402820684337,0.41693722943722944,0.4784971277751902,0.9772436878953316,0.022756312104668476,0.5215028722248098,0.4456010988216583,0.28667100734815365,0.4456010988216583,0.42648786254133403
1096028_DF_070_070BDF0010_01972,42,194192,805,800,0.99180449246575,0.049586776859504134,0.0498812351543943,0.9958717313599696,0.0041282686400303595,0.9501187648456056,0.0497335701598579,0.025500910746812388,0.0497335701598579,0.04561830731392836
1096057_DF_070_070BDF0010_02023,0,195029,249,561,0.9958639494686963,0.0,0.0,0.9987248947654114,0.0012751052345886377,1.0,0.0,0.0,0.0,-0.0019124105092122121
1096058_DF_070_070BDF0010_02025,514,191195,2309,1821,0.9789112485255745,0.18207580588026923,0.22012847965738758,0.9880674301306432,0.011932569869356705,0.7798715203426124,0.19930205506010082,0.11068044788975022,0.19930205506010082,0.18958698251751638
1096059_DF_070_070BDF0010_02026,53,194494,744,548,0.9934027440908093,0.06649937264742785,0.08818635607321132,0.9961892664337885,0.003810733566211496,0.9118136439267887,0.07582260371959942,0.03940520446096654,0.07582260371959942,0.07330661559379958
1096522_DF_070_070BDF0010_02866,7,195272,254,306,0.9971405082746542,0.02681992337164751,0.022364217252396165,0.9987009400284361,0.001299059971563884,0.9776357827476039,0.024390243902439025,0.012345679012345678,0.024390243902439025,0.023065287841265356
1096866_DF_070_070BDF0010_03480,8,195114,426,291,0.9963388293445126,0.018433179723502304,0.026755852842809364,0.9978214176127647,0.0021785823872353485,0.9732441471571907,0.021828103683492497,0.011034482758620689,0.021828103683492497,0.02040677364940107
1096867_DF_070_070BDF0010_03482,110,193597,1102,1030,0.9891135065027905,0.09075907590759076,0.09649122807017543,0.9943399812017525,0.0056600187982475516,0.9035087719298246,0.0935374149659864,0.04906333630686887,0.0935374149659864,0.08810824041618391
1097168_DF_070_070BDF0010_04017,49,191890,2803,1097,0.9800856826270559,0.017180925666199158,0.04275741710296684,0.9856029749400338,0.014397025059966203,0.9572425828970331,0.02451225612806403,0.012408204608761712,0.02451225612806403,0.01805680547183822
1097209_DF_070_070BDF0010_04090,0,195223,393,223,0.9968545591021196,0.0,0.0,0.9979909618845084,0.0020090381154915754,1.0,0.0,0.0,0.0,-0.0015140252787235642
1097210_DF_070_070BDF0010_04093,104,194843,380,512,0.995445238180342,0.21487603305785125,0.16883116883116883,0.9980535080395241,0.0019464919604759686,0.8311688311688312,0.1890909090909091,0.10441767068273092,0.1890909090909091,0.18820768940539903
1097235_DF_070_070BDF0010_04135,0,195132,306,401,0.9963898916967509,0.0,0.0,0.998434286065146,0.0015657139348540202,1.0,0.0,0.0,0.0,-0.0017919189527563436
1097236_DF_070_070BDF0010_04137,90,194239,686,824,0.9922895848120139,0.11597938144329897,0.09846827133479212,0.9964806977042452,0.0035193022957547776,0.9015317286652079,0.10650887573964497,0.05625,0.10650887573964497,0.103009863712434
1097237_DF_070_070BDF0010_04139,155,191564,582,3538,0.9789623108778129,0.21031207598371776,0.04197129704847008,0.9969710532615823,0.0030289467384176615,0.95802870295153,0.06997742663656885,0.03625730994152047,0.06997742663656885,0.08650931683121497
1097246_DF_070_070BDF0010_04154,5,195044,396,394,0.9959660741731728,0.012468827930174564,0.012531328320802004,0.9979738027015964,0.002026197298403602,0.9874686716791979,0.0125,0.006289308176100629,0.0125,0.010478954558842192
1097247_DF_070_070BDF0010_04156,147,193578,1162,952,0.9892054187368196,0.11229946524064172,0.1337579617834395,0.9940330697340043,0.005966930265995687,0.8662420382165605,0.12209302325581395,0.06501547987616099,0.12209302325581395,0.11715577144607862
1097248_DF_070_070BDF0010_04158,127,194047,382,1283,0.99149811835232,0.24950884086444008,0.09007092198581561,0.9980352725159313,0.0019647274840687346,0.9099290780141844,0.13236060448150078,0.07087053571428571,0.13236060448150078,0.14630297416138607
1098964_DF_070_070BDF0010_07294,0,195281,286,272,0.9971507207451018,0.0,0.0,0.99853758558448,0.0014624144155200008,1.0,0.0,0.0,0.0,-0.0014262230145983025
